accuracy,precision,recall,f1,roc_auc
0.9666666666666667,0.42857142857142855,1.0,0.6,0.9935897435897436
